{"chrome://global/content/viewSource.xul":{"viewSource":{"screenX":"10","screenY":"10","width":"1451","height":"862","sizemode":"normal"}},"chrome://browser/content/browser.xul":{"nav-bar":{"currentset":"unified-back-forward-button,urlbar-container,reload-button,stop-button,search-container,downloads-button,home-button,bookmarks-menu-button-container,fullscreenflex,window-controls,firebug-button"},"sidebar-title":{"value":"HP TruClient"},"main-window":{"width":"1178","height":"758","screenX":"94","screenY":"5","sizemode":"normal"},"navigator-toolbox":{"iconsize":"small"},"titlebar-placeholder-on-menubar-for-caption-buttons":{"width":"102"},"titlebar-placeholder-on-TabsToolbar-for-captions-buttons":{"width":"102"}}}