<?xml version="1.0" encoding="utf-8"?>
<VugenScriptMetadata>
  <ScriptName>CreateData_Gurukula</ScriptName>
  <Protocol>TruClient - Web</Protocol>
  <ActionFiles>
    <FileEntry Name="vuser_init.c" Filter="2" />
    <FileEntry Name="Lib-View.c" Filter="2" />
    <FileEntry Name="Action.c" Filter="2" />
    <FileEntry Name="AddBranches.c" Filter="2" />
    <FileEntry Name="AddStaff.c" Filter="2" />
    <FileEntry Name="Login.c" Filter="2" />
    <FileEntry Name="Logout.c" Filter="2" />
    <FileEntry Name="vuser_end.c" Filter="2" />
  </ActionFiles>
  <GeneralFiles>
    <FileEntry Name="CreateData_Gurukula.usr" Filter="4" />
    <FileEntry Name="default.cfg" Filter="4" />
    <FileEntry Name="default.usp" Filter="4" />
    <FileEntry Name="CreateData_Gurukula.prm" Filter="2" />
    <FileEntry Name="C-functions.c" Filter="2" />
    <FileEntry Name="globals.h" Filter="2" />
    <FileEntry Name="JS-functions.js" Filter="2" />
    <FileEntry Name="ScriptUploadMetadata.xml" Filter="2" />
    <FileEntry Name="Bookmarks.xml" Filter="2" />
    <FileEntry Name="Breakpoints.xml" Filter="2" />
    <FileEntry Name="CompilerLogMetadata.xml" Filter="2" />
    <FileEntry Name="default.xml" Filter="2" />
    <FileEntry Name="ReplaySummaryReport.xml" Filter="2" />
    <FileEntry Name="UserTasks.xml" Filter="2" />
    <FileEntry Name="TC.xsl" Filter="2" />
    <FileEntry Name="profiles\" Filter="2" />
    <FileEntry Name="combined_CreateData_Gurukula.c" Filter="2" />
    <FileEntry Name="pre_cci.c" Filter="2" />
    <FileEntry Name="10689598744.idx" Filter="1" />
    <FileEntry Name="10689598744_Ujc.721.idx" Filter="1" />
    <FileEntry Name="4993946244.idx" Filter="1" />
    <FileEntry Name="CreateData_Gurukula.c.pickle" Filter="1" />
    <FileEntry Name="CreateData_Gurukula.ci" Filter="1" />
    <FileEntry Name="CreateData_Gurukula.prm.bak" Filter="1" />
    <FileEntry Name="CreateData_Gurukula.sdf" Filter="1" />
    <FileEntry Name="default.cfg.bak" Filter="1" />
    <FileEntry Name="interactive_replay_Firefox.txt" Filter="1" />
    <FileEntry Name="logfile.log" Filter="1" />
    <FileEntry Name="mdrv.log" Filter="1" />
    <FileEntry Name="mdrv_cmd.txt" Filter="1" />
    <FileEntry Name="options.txt" Filter="1" />
    <FileEntry Name="output.bak" Filter="1" />
    <FileEntry Name="output.txt" Filter="1" />
    <FileEntry Name="pBranch.dat" Filter="1" />
    <FileEntry Name="pStaff.dat" Filter="1" />
    <FileEntry Name="replay.har" Filter="1" />
    <FileEntry Name="ThumbnailsCache.tmp" Filter="1" />
    <FileEntry Name="data\" Filter="1" />
    <FileEntry Name="result1\" Filter="1" />
    <FileEntry Name="results\" Filter="1" />
    <FileEntry Name="resultSnap\" Filter="1" />
    <FileEntry Name="snapshots\" Filter="1" />
  </GeneralFiles>
</VugenScriptMetadata>